case_id,metric,max_abs_error,tolerance,unit,n,rmse
AL90/I-JL/SAME/1103,interval_speed,1.043734569097148,0.10471975511965977,rad/s,1650,0.043919115962380184
AL90/I-JL/SAME/2207,interval_speed,1.0440862955605168,0.10471975511965977,rad/s,1650,0.044184130383116964
AL90/I-JL/SAME/3301,interval_speed,0.9964343416252139,0.10471975511965977,rad/s,1650,0.04329929934809064
AL90/I-JL/SAME/4409,interval_speed,0.9723609039789395,0.10471975511965977,rad/s,1650,0.04339851378222694
AL90/I-JL/SAME/5519,interval_speed,1.0304557509781451,0.10471975511965977,rad/s,1650,0.04425002256050156
AL90/L-P-ONE/B/0,B.orientation,0.025183357787923542,0.017453292519943295,rad,1647,0.0073270991007783354
AL90/L-P-ONE/B/0,interval_speed,1.03428372321723,0.10471975511965977,rad/s,1650,0.04430577376980464
AL90/L-P-ONE/SAME/0,B.orientation,0.025183357787923542,0.017453292519943295,rad,1647,0.0073270991007783354
AL90/L-P-ONE/SAME/0,interval_speed,1.03428372321723,0.10471975511965977,rad/s,1650,0.04430577376980464
AL90/L-P-PER/B/0,interval_speed,1.0685454713695424,0.10471975511965977,rad/s,1650,0.04620209944571857
AL90/L-P-PER/SAME/0,interval_speed,1.0685454713695424,0.10471975511965977,rad/s,1650,0.04620209944571857
AL90/L-S-ONE/B/0,interval_speed,1.0447120304578532,0.10471975511965977,rad/s,1650,0.02591187629379865
AL90/L-S-ONE/SAME/0,interval_speed,1.0447120304578532,0.10471975511965977,rad/s,1650,0.02591187629379865
AL90/L-S-PER/B/0,interval_speed,1.0528204185765153,0.10471975511965977,rad/s,1650,0.0457331363248603
AL90/L-S-PER/SAME/0,interval_speed,1.0528204185765153,0.10471975511965977,rad/s,1650,0.0457331363248603
AR90/I-JL/SAME/1103,interval_speed,1.043734569097148,0.10471975511965977,rad/s,1650,0.04391911596238017
AR90/I-JL/SAME/2207,interval_speed,1.0440862955605168,0.10471975511965977,rad/s,1650,0.044184130383116964
AR90/I-JL/SAME/3301,interval_speed,0.9964343416252139,0.10471975511965977,rad/s,1650,0.04329929934809063
AR90/I-JL/SAME/4409,interval_speed,0.9723609039789395,0.10471975511965977,rad/s,1650,0.043398513782227054
AR90/I-JL/SAME/5519,interval_speed,1.0304557509781451,0.10471975511965977,rad/s,1650,0.044250022560501555
AR90/L-P-ONE/B/0,B.orientation,0.025183357787923542,0.017453292519943295,rad,1647,0.0073270991007783354
AR90/L-P-ONE/B/0,interval_speed,1.03428372321723,0.10471975511965977,rad/s,1650,0.04430577376980483
AR90/L-P-ONE/SAME/0,B.orientation,0.025183357787923542,0.017453292519943295,rad,1647,0.0073270991007783354
AR90/L-P-ONE/SAME/0,interval_speed,1.03428372321723,0.10471975511965977,rad/s,1650,0.04430577376980483
AR90/L-P-PER/B/0,interval_speed,1.0685454713695424,0.10471975511965977,rad/s,1650,0.04620209944571844
AR90/L-P-PER/SAME/0,interval_speed,1.0685454713695424,0.10471975511965977,rad/s,1650,0.04620209944571844
AR90/L-S-ONE/B/0,interval_speed,1.0447120304578421,0.10471975511965977,rad/s,1650,0.025911876293798385
AR90/L-S-ONE/SAME/0,interval_speed,1.0447120304578421,0.10471975511965977,rad/s,1650,0.025911876293798385
AR90/L-S-PER/B/0,interval_speed,1.0528204185765153,0.10471975511965977,rad/s,1650,0.0457331363248603
AR90/L-S-PER/SAME/0,interval_speed,1.0528204185765153,0.10471975511965977,rad/s,1650,0.0457331363248603
F90/I-JL/SAME/1103,interval_speed,1.0437349327507663,0.10471975511965977,rad/s,1650,0.04391905281228145
F90/I-JL/SAME/2207,interval_speed,1.0440893410259082,0.10471975511965977,rad/s,1650,0.04418413342628463
F90/I-JL/SAME/3301,interval_speed,0.9964367585769148,0.10471975511965977,rad/s,1650,0.043299263722583595
F90/I-JL/SAME/4409,interval_speed,0.9723595104891245,0.10471975511965977,rad/s,1650,0.04339848452926208
F90/I-JL/SAME/5519,interval_speed,1.030456909020547,0.10471975511965977,rad/s,1650,0.044249979678066625
F90/L-P-ONE/B/0,B.orientation,0.02518299647699236,0.017453292519943295,rad,1647,0.0073269138372972316
F90/L-P-ONE/B/0,interval_speed,1.0342846405495751,0.10471975511965977,rad/s,1650,0.04430580197922723
F90/L-P-ONE/SAME/0,B.orientation,0.02518299647699236,0.017453292519943295,rad,1647,0.0073269138372972316
F90/L-P-ONE/SAME/0,interval_speed,1.0342846405495751,0.10471975511965977,rad/s,1650,0.04430580197922723
F90/L-P-PER/B/0,interval_speed,1.0685436946989157,0.10471975511965977,rad/s,1650,0.04620209507439722
F90/L-P-PER/SAME/0,interval_speed,1.0685436946989157,0.10471975511965977,rad/s,1650,0.04620209507439722
F90/L-S-ONE/B/0,interval_speed,1.0447115181184046,0.10471975511965977,rad/s,1650,0.025911863695187325
F90/L-S-ONE/SAME/0,interval_speed,1.0447115181184046,0.10471975511965977,rad/s,1650,0.025911863695187325
F90/L-S-PER/B/0,interval_speed,1.052820159810848,0.10471975511965977,rad/s,1650,0.045733138484425374
F90/L-S-PER/SAME/0,interval_speed,1.052820159810848,0.10471975511965977,rad/s,1650,0.045733138484425374
