case_id,trajectory,condition,path,target,seed,parameters_json,intended_class,passed,stage,accuracy_passed,relative_coverage,rep_recall,proxy_coverage,evaluation_s,truth_reps,valid_reps,missed_reps,false_reps,A_lost_samples,B_lost_samples,A_lost_packets,B_lost_packets,A_sample_retention,B_sample_retention,worst_metric,worst_error,worst_tolerance,worst_unit,worst_budget_ratio,failed_gates,proxy_reasons,exception_stage,exception_type,exception_message,control_id,known_yaw_bound_rad
AL90/I-JL/SAME/1103,AL90,I-JL,S,SAME,1103,"{""loss"": ""sample-per"", ""sample_jitter_us"": 1000}",W,False,complete,False,1.0,1.0,1.0,16.5,3,3,0,0,16,16,0,0,0.9925615992561599,0.9925615992561599,interval_speed,1.043734569097148,0.10471975511965977,rad/s,9.966930956862031,interval_speed,,,,,AL90/CLEAN-S/SAME/0,0.0
AL90/I-JL/SAME/2207,AL90,I-JL,S,SAME,2207,"{""loss"": ""sample-per"", ""sample_jitter_us"": 1000}",W,False,complete,False,1.0,1.0,1.0,16.5,3,3,0,0,16,16,0,0,0.9925615992561599,0.9925615992561599,interval_speed,1.0440862955605168,0.10471975511965977,rad/s,9.970289697177712,interval_speed,,,,,AL90/CLEAN-S/SAME/0,0.0
AL90/I-JL/SAME/3301,AL90,I-JL,S,SAME,3301,"{""loss"": ""sample-per"", ""sample_jitter_us"": 1000}",W,False,complete,False,1.0,1.0,1.0,16.5,3,3,0,0,16,16,0,0,0.9925615992561599,0.9925615992561599,interval_speed,0.9964343416252139,0.10471975511965977,rad/s,9.515247056170267,interval_speed,,,,,AL90/CLEAN-S/SAME/0,0.0
AL90/I-JL/SAME/4409,AL90,I-JL,S,SAME,4409,"{""loss"": ""sample-per"", ""sample_jitter_us"": 1000}",W,False,complete,False,1.0,1.0,1.0,16.5,3,3,0,0,16,16,0,0,0.9925615992561599,0.9925615992561599,interval_speed,0.9723609039789395,0.10471975511965977,rad/s,9.285362660253123,interval_speed,,,,,AL90/CLEAN-S/SAME/0,0.0
AL90/I-JL/SAME/5519,AL90,I-JL,S,SAME,5519,"{""loss"": ""sample-per"", ""sample_jitter_us"": 1000}",W,False,complete,False,1.0,1.0,1.0,16.5,3,3,0,0,16,16,0,0,0.9925615992561599,0.9925615992561599,interval_speed,1.0304557509781451,0.10471975511965977,rad/s,9.840127584338578,interval_speed,,,,,AL90/CLEAN-S/SAME/0,0.0
AL90/L-P-ONE/B/0,AL90,L-P-ONE,Q,B,0,"{""loss"": ""packet-one""}",W,False,complete,False,1.0,1.0,1.0,16.5,3,3,0,0,0,4,0,1,1.0,0.99814039981404,interval_speed,1.03428372321723,0.10471975511965977,rad/s,9.876682026570712,B.orientation;interval_speed,,,,,AL90/CLEAN-Q/SAME/0,0.0
AL90/L-P-ONE/SAME/0,AL90,L-P-ONE,Q,SAME,0,"{""loss"": ""packet-one""}",W,False,complete,False,1.0,1.0,1.0,16.5,3,3,0,0,4,4,1,1,0.99814039981404,0.99814039981404,interval_speed,1.03428372321723,0.10471975511965977,rad/s,9.876682026570712,B.orientation;interval_speed,,,,,AL90/CLEAN-Q/SAME/0,0.0
AL90/L-P-PER/B/0,AL90,L-P-PER,Q,B,0,"{""loss"": ""packet-per""}",W,False,complete,False,1.0,1.0,1.0,16.5,3,3,0,0,0,64,0,16,1.0,0.9702463970246397,interval_speed,1.0685454713695424,0.10471975511965977,rad/s,10.20385762121532,interval_speed,,,,,AL90/CLEAN-Q/SAME/0,0.0
AL90/L-P-PER/SAME/0,AL90,L-P-PER,Q,SAME,0,"{""loss"": ""packet-per""}",W,False,complete,False,1.0,1.0,1.0,16.5,3,3,0,0,64,64,16,16,0.9702463970246397,0.9702463970246397,interval_speed,1.0685454713695424,0.10471975511965977,rad/s,10.20385762121532,interval_speed,,,,,AL90/CLEAN-Q/SAME/0,0.0
AL90/L-S-ONE/B/0,AL90,L-S-ONE,S,B,0,"{""loss"": ""sample-one""}",W,False,complete,False,1.0,1.0,1.0,16.5,3,3,0,0,0,1,0,0,1.0,0.99953509995351,interval_speed,1.0447120304578532,0.10471975511965977,rad/s,9.976265025296284,interval_speed,,,,,AL90/CLEAN-S/SAME/0,0.0
AL90/L-S-ONE/SAME/0,AL90,L-S-ONE,S,SAME,0,"{""loss"": ""sample-one""}",W,False,complete,False,1.0,1.0,1.0,16.5,3,3,0,0,1,1,0,0,0.99953509995351,0.99953509995351,interval_speed,1.0447120304578532,0.10471975511965977,rad/s,9.976265025296284,interval_speed,,,,,AL90/CLEAN-S/SAME/0,0.0
AL90/L-S-PER/B/0,AL90,L-S-PER,S,B,0,"{""loss"": ""sample-per""}",W,False,complete,False,1.0,1.0,1.0,16.5,3,3,0,0,0,16,0,0,1.0,0.9925615992561599,interval_speed,1.0528204185765153,0.10471975511965977,rad/s,10.053694428271845,interval_speed,,,,,AL90/CLEAN-S/SAME/0,0.0
AL90/L-S-PER/SAME/0,AL90,L-S-PER,S,SAME,0,"{""loss"": ""sample-per""}",W,False,complete,False,1.0,1.0,1.0,16.5,3,3,0,0,16,16,0,0,0.9925615992561599,0.9925615992561599,interval_speed,1.0528204185765153,0.10471975511965977,rad/s,10.053694428271845,interval_speed,,,,,AL90/CLEAN-S/SAME/0,0.0
AR90/I-JL/SAME/1103,AR90,I-JL,S,SAME,1103,"{""loss"": ""sample-per"", ""sample_jitter_us"": 1000}",W,False,complete,False,1.0,1.0,1.0,16.5,3,3,0,0,16,16,0,0,0.9925615992561599,0.9925615992561599,interval_speed,1.043734569097148,0.10471975511965977,rad/s,9.966930956862031,interval_speed,,,,,AR90/CLEAN-S/SAME/0,0.0
AR90/I-JL/SAME/2207,AR90,I-JL,S,SAME,2207,"{""loss"": ""sample-per"", ""sample_jitter_us"": 1000}",W,False,complete,False,1.0,1.0,1.0,16.5,3,3,0,0,16,16,0,0,0.9925615992561599,0.9925615992561599,interval_speed,1.0440862955605168,0.10471975511965977,rad/s,9.970289697177712,interval_speed,,,,,AR90/CLEAN-S/SAME/0,0.0
AR90/I-JL/SAME/3301,AR90,I-JL,S,SAME,3301,"{""loss"": ""sample-per"", ""sample_jitter_us"": 1000}",W,False,complete,False,1.0,1.0,1.0,16.5,3,3,0,0,16,16,0,0,0.9925615992561599,0.9925615992561599,interval_speed,0.9964343416252139,0.10471975511965977,rad/s,9.515247056170267,interval_speed,,,,,AR90/CLEAN-S/SAME/0,0.0
AR90/I-JL/SAME/4409,AR90,I-JL,S,SAME,4409,"{""loss"": ""sample-per"", ""sample_jitter_us"": 1000}",W,False,complete,False,1.0,1.0,1.0,16.5,3,3,0,0,16,16,0,0,0.9925615992561599,0.9925615992561599,interval_speed,0.9723609039789395,0.10471975511965977,rad/s,9.285362660253123,interval_speed,,,,,AR90/CLEAN-S/SAME/0,0.0
AR90/I-JL/SAME/5519,AR90,I-JL,S,SAME,5519,"{""loss"": ""sample-per"", ""sample_jitter_us"": 1000}",W,False,complete,False,1.0,1.0,1.0,16.5,3,3,0,0,16,16,0,0,0.9925615992561599,0.9925615992561599,interval_speed,1.0304557509781451,0.10471975511965977,rad/s,9.840127584338578,interval_speed,,,,,AR90/CLEAN-S/SAME/0,0.0
AR90/L-P-ONE/B/0,AR90,L-P-ONE,Q,B,0,"{""loss"": ""packet-one""}",W,False,complete,False,1.0,1.0,1.0,16.5,3,3,0,0,0,4,0,1,1.0,0.99814039981404,interval_speed,1.03428372321723,0.10471975511965977,rad/s,9.876682026570712,B.orientation;interval_speed,,,,,AR90/CLEAN-Q/SAME/0,0.0
AR90/L-P-ONE/SAME/0,AR90,L-P-ONE,Q,SAME,0,"{""loss"": ""packet-one""}",W,False,complete,False,1.0,1.0,1.0,16.5,3,3,0,0,4,4,1,1,0.99814039981404,0.99814039981404,interval_speed,1.03428372321723,0.10471975511965977,rad/s,9.876682026570712,B.orientation;interval_speed,,,,,AR90/CLEAN-Q/SAME/0,0.0
AR90/L-P-PER/B/0,AR90,L-P-PER,Q,B,0,"{""loss"": ""packet-per""}",W,False,complete,False,1.0,1.0,1.0,16.5,3,3,0,0,0,64,0,16,1.0,0.9702463970246397,interval_speed,1.0685454713695424,0.10471975511965977,rad/s,10.20385762121532,interval_speed,,,,,AR90/CLEAN-Q/SAME/0,0.0
AR90/L-P-PER/SAME/0,AR90,L-P-PER,Q,SAME,0,"{""loss"": ""packet-per""}",W,False,complete,False,1.0,1.0,1.0,16.5,3,3,0,0,64,64,16,16,0.9702463970246397,0.9702463970246397,interval_speed,1.0685454713695424,0.10471975511965977,rad/s,10.20385762121532,interval_speed,,,,,AR90/CLEAN-Q/SAME/0,0.0
AR90/L-S-ONE/B/0,AR90,L-S-ONE,S,B,0,"{""loss"": ""sample-one""}",W,False,complete,False,1.0,1.0,1.0,16.5,3,3,0,0,0,1,0,0,1.0,0.99953509995351,interval_speed,1.0447120304578421,0.10471975511965977,rad/s,9.976265025296177,interval_speed,,,,,AR90/CLEAN-S/SAME/0,0.0
AR90/L-S-ONE/SAME/0,AR90,L-S-ONE,S,SAME,0,"{""loss"": ""sample-one""}",W,False,complete,False,1.0,1.0,1.0,16.5,3,3,0,0,1,1,0,0,0.99953509995351,0.99953509995351,interval_speed,1.0447120304578421,0.10471975511965977,rad/s,9.976265025296177,interval_speed,,,,,AR90/CLEAN-S/SAME/0,0.0
AR90/L-S-PER/B/0,AR90,L-S-PER,S,B,0,"{""loss"": ""sample-per""}",W,False,complete,False,1.0,1.0,1.0,16.5,3,3,0,0,0,16,0,0,1.0,0.9925615992561599,interval_speed,1.0528204185765153,0.10471975511965977,rad/s,10.053694428271845,interval_speed,,,,,AR90/CLEAN-S/SAME/0,0.0
AR90/L-S-PER/SAME/0,AR90,L-S-PER,S,SAME,0,"{""loss"": ""sample-per""}",W,False,complete,False,1.0,1.0,1.0,16.5,3,3,0,0,16,16,0,0,0.9925615992561599,0.9925615992561599,interval_speed,1.0528204185765153,0.10471975511965977,rad/s,10.053694428271845,interval_speed,,,,,AR90/CLEAN-S/SAME/0,0.0
F90/EV-heading-hash-E/SAME/0,F90,EV-heading-hash-E,E,SAME,0,"{""mutation"": ""heading-hash""}",evidence,False,evidence_failure,True,1.0,1.0,1.0,16.5,3,3,0,0,0,0,0,0,1.0,1.0,interval_speed,2.48245868306185e-13,0.10471975511965977,rad/s,2.370573422584141e-12,expected_evidence_disposition,,,,,F90/CLEAN-E/SAME/0,0.0
F90/EV-heading-hash-S/SAME/0,F90,EV-heading-hash-S,S,SAME,0,"{""mutation"": ""heading-hash""}",evidence,False,evidence_failure,True,1.0,1.0,1.0,16.5,3,3,0,0,0,0,0,0,1.0,1.0,B.orientation,0.005524664224010412,0.017453292519943295,rad,0.3165399432627146,expected_evidence_disposition,,,,,F90/CLEAN-S/SAME/0,0.0
F90/EV-map-A-hash-E/SAME/0,F90,EV-map-A-hash-E,E,SAME,0,"{""mutation"": ""map-A-hash""}",evidence,False,evidence_failure,True,1.0,1.0,1.0,16.5,3,3,0,0,0,0,0,0,1.0,1.0,interval_speed,2.48245868306185e-13,0.10471975511965977,rad/s,2.370573422584141e-12,expected_evidence_disposition,,,,,F90/CLEAN-E/SAME/0,0.0
F90/EV-map-A-hash-S/SAME/0,F90,EV-map-A-hash-S,S,SAME,0,"{""mutation"": ""map-A-hash""}",evidence,False,evidence_failure,True,1.0,1.0,1.0,16.5,3,3,0,0,0,0,0,0,1.0,1.0,B.orientation,0.005524664224010412,0.017453292519943295,rad,0.3165399432627146,expected_evidence_disposition,,,,,F90/CLEAN-S/SAME/0,0.0
F90/EV-map-B-hash-E/SAME/0,F90,EV-map-B-hash-E,E,SAME,0,"{""mutation"": ""map-B-hash""}",evidence,False,evidence_failure,True,1.0,1.0,1.0,16.5,3,3,0,0,0,0,0,0,1.0,1.0,interval_speed,2.48245868306185e-13,0.10471975511965977,rad/s,2.370573422584141e-12,expected_evidence_disposition,,,,,F90/CLEAN-E/SAME/0,0.0
F90/EV-map-B-hash-S/SAME/0,F90,EV-map-B-hash-S,S,SAME,0,"{""mutation"": ""map-B-hash""}",evidence,False,evidence_failure,True,1.0,1.0,1.0,16.5,3,3,0,0,0,0,0,0,1.0,1.0,B.orientation,0.005524664224010412,0.017453292519943295,rad,0.3165399432627146,expected_evidence_disposition,,,,,F90/CLEAN-S/SAME/0,0.0
F90/I-JL/SAME/1103,F90,I-JL,S,SAME,1103,"{""loss"": ""sample-per"", ""sample_jitter_us"": 1000}",W,False,complete,False,1.0,1.0,1.0,16.5,3,3,0,0,16,16,0,0,0.9925615992561599,0.9925615992561599,interval_speed,1.0437349327507663,0.10471975511965977,rad/s,9.966934429498286,interval_speed,,,,,F90/CLEAN-S/SAME/0,0.0
F90/I-JL/SAME/2207,F90,I-JL,S,SAME,2207,"{""loss"": ""sample-per"", ""sample_jitter_us"": 1000}",W,False,complete,False,1.0,1.0,1.0,16.5,3,3,0,0,16,16,0,0,0.9925615992561599,0.9925615992561599,interval_speed,1.0440893410259082,0.10471975511965977,rad/s,9.970318779229977,interval_speed,,,,,F90/CLEAN-S/SAME/0,0.0
F90/I-JL/SAME/3301,F90,I-JL,S,SAME,3301,"{""loss"": ""sample-per"", ""sample_jitter_us"": 1000}",W,False,complete,False,1.0,1.0,1.0,16.5,3,3,0,0,16,16,0,0,0.9925615992561599,0.9925615992561599,interval_speed,0.9964367585769148,0.10471975511965977,rad/s,9.515270136358893,interval_speed,,,,,F90/CLEAN-S/SAME/0,0.0
F90/I-JL/SAME/4409,F90,I-JL,S,SAME,4409,"{""loss"": ""sample-per"", ""sample_jitter_us"": 1000}",W,False,complete,False,1.0,1.0,1.0,16.5,3,3,0,0,16,16,0,0,0.9925615992561599,0.9925615992561599,interval_speed,0.9723595104891245,0.10471975511965977,rad/s,9.28534935340559,interval_speed,,,,,F90/CLEAN-S/SAME/0,0.0
F90/I-JL/SAME/5519,F90,I-JL,S,SAME,5519,"{""loss"": ""sample-per"", ""sample_jitter_us"": 1000}",W,False,complete,False,1.0,1.0,1.0,16.5,3,3,0,0,16,16,0,0,0.9925615992561599,0.9925615992561599,interval_speed,1.030456909020547,0.10471975511965977,rad/s,9.840138642828933,interval_speed,,,,,F90/CLEAN-S/SAME/0,0.0
F90/L-P-ONE/B/0,F90,L-P-ONE,Q,B,0,"{""loss"": ""packet-one""}",W,False,complete,False,1.0,1.0,1.0,16.5,3,3,0,0,0,4,0,1,1.0,0.99814039981404,interval_speed,1.0342846405495751,0.10471975511965977,rad/s,9.876690786449345,B.orientation;interval_speed,,,,,F90/CLEAN-Q/SAME/0,0.0
F90/L-P-ONE/SAME/0,F90,L-P-ONE,Q,SAME,0,"{""loss"": ""packet-one""}",W,False,complete,False,1.0,1.0,1.0,16.5,3,3,0,0,4,4,1,1,0.99814039981404,0.99814039981404,interval_speed,1.0342846405495751,0.10471975511965977,rad/s,9.876690786449345,B.orientation;interval_speed,,,,,F90/CLEAN-Q/SAME/0,0.0
F90/L-P-PER/B/0,F90,L-P-PER,Q,B,0,"{""loss"": ""packet-per""}",W,False,complete,False,1.0,1.0,1.0,16.5,3,3,0,0,0,64,0,16,1.0,0.9702463970246397,interval_speed,1.0685436946989157,0.10471975511965977,rad/s,10.203840655260572,interval_speed,,,,,F90/CLEAN-Q/SAME/0,0.0
F90/L-P-PER/SAME/0,F90,L-P-PER,Q,SAME,0,"{""loss"": ""packet-per""}",W,False,complete,False,1.0,1.0,1.0,16.5,3,3,0,0,64,64,16,16,0.9702463970246397,0.9702463970246397,interval_speed,1.0685436946989157,0.10471975511965977,rad/s,10.203840655260572,interval_speed,,,,,F90/CLEAN-Q/SAME/0,0.0
F90/L-S-ONE/B/0,F90,L-S-ONE,S,B,0,"{""loss"": ""sample-one""}",W,False,complete,False,1.0,1.0,1.0,16.5,3,3,0,0,0,1,0,0,1.0,0.99953509995351,interval_speed,1.0447115181184046,0.10471975511965977,rad/s,9.976260132814936,interval_speed,,,,,F90/CLEAN-S/SAME/0,0.0
F90/L-S-ONE/SAME/0,F90,L-S-ONE,S,SAME,0,"{""loss"": ""sample-one""}",W,False,complete,False,1.0,1.0,1.0,16.5,3,3,0,0,1,1,0,0,0.99953509995351,0.99953509995351,interval_speed,1.0447115181184046,0.10471975511965977,rad/s,9.976260132814936,interval_speed,,,,,F90/CLEAN-S/SAME/0,0.0
F90/L-S-PER/B/0,F90,L-S-PER,S,B,0,"{""loss"": ""sample-per""}",W,False,complete,False,1.0,1.0,1.0,16.5,3,3,0,0,0,16,0,0,1.0,0.9925615992561599,interval_speed,1.052820159810848,0.10471975511965977,rad/s,10.05369195724174,interval_speed,,,,,F90/CLEAN-S/SAME/0,0.0
F90/L-S-PER/SAME/0,F90,L-S-PER,S,SAME,0,"{""loss"": ""sample-per""}",W,False,complete,False,1.0,1.0,1.0,16.5,3,3,0,0,16,16,0,0,0.9925615992561599,0.9925615992561599,interval_speed,1.052820159810848,0.10471975511965977,rad/s,10.05369195724174,interval_speed,,,,,F90/CLEAN-S/SAME/0,0.0
F90L/D-C-H-minus-exact/B/0,F90L,D-C-H-minus-exact,S,B,0,"{""clock_enabled"": true, ""clock_ppm"": -500, ""map_control"": ""exact""}",W,False,complete,False,0.9999666666666667,1.0,1.0,300.0,54,54,0,0,0,0,0,0,1.0,1.0,B.orientation,0.00496891844929008,0.017453292519943295,rad,0.28469805588901137,F90L:rep-55.exclusion,interrupted;upstream_invalid:m2_invalid:outside_clock_validity,,,,F90L/CLEAN-S/SAME/0,0.0
