case_id,previous_failed_gates,current_passed,current_failed_gates,current_interval_speed_error_deg_s,current_node_orientation_error_deg
AL90/I-JL/SAME/1103,interval_speed,True,,0.5504153064972216,0.32343719142762817
AL90/I-JL/SAME/2207,interval_speed,True,,0.5788793576539307,0.3237342938081493
AL90/I-JL/SAME/3301,interval_speed,True,,0.5897434992525747,0.3232869278712829
AL90/I-JL/SAME/4409,interval_speed,True,,0.5954112070376832,0.322870268796347
AL90/I-JL/SAME/5519,interval_speed,True,,0.6367030273766776,0.323020532455101
AL90/L-P-ONE/B/0,B.orientation;interval_speed,True,,0.7423605511184094,0.33539351576523424
AL90/L-P-ONE/SAME/0,B.orientation;interval_speed,True,,0.7423605511184094,0.33539351576523424
AL90/L-P-PER/B/0,interval_speed,True,,1.4838582594752971,0.3715936400626284
AL90/L-P-PER/SAME/0,interval_speed,True,,1.4838582594752971,0.3715936400626284
AL90/L-S-ONE/B/0,interval_speed,True,,0.36844156578634896,0.31507666802981704
AL90/L-S-ONE/SAME/0,interval_speed,True,,0.36844156578634896,0.31507666802981704
AL90/L-S-PER/B/0,interval_speed,True,,0.584319474929235,0.321183199678308
AL90/L-S-PER/SAME/0,interval_speed,True,,0.584319474929235,0.321183199678308
AR90/I-JL/SAME/1103,interval_speed,True,,0.5504153064972216,0.32343719142762817
AR90/I-JL/SAME/2207,interval_speed,True,,0.5788793576539434,0.3237342938081493
AR90/I-JL/SAME/3301,interval_speed,True,,0.5897434992519386,0.3232869278712829
AR90/I-JL/SAME/4409,interval_speed,True,,0.5954112070373652,0.322870268796347
AR90/I-JL/SAME/5519,interval_speed,True,,0.636703027376385,0.323020532455101
AR90/L-P-ONE/B/0,B.orientation;interval_speed,True,,0.7423605511184094,0.33539351576523424
AR90/L-P-ONE/SAME/0,B.orientation;interval_speed,True,,0.7423605511184094,0.33539351576523424
AR90/L-P-PER/B/0,interval_speed,True,,1.4838582594747756,0.3715936400626284
AR90/L-P-PER/SAME/0,interval_speed,True,,1.4838582594747756,0.3715936400626284
AR90/L-S-ONE/B/0,interval_speed,True,,0.36844156578634896,0.31507666802981704
AR90/L-S-ONE/SAME/0,interval_speed,True,,0.36844156578634896,0.31507666802981704
AR90/L-S-PER/B/0,interval_speed,True,,0.5843194749298711,0.321183199678308
AR90/L-S-PER/SAME/0,interval_speed,True,,0.5843194749298711,0.321183199678308
F90/EV-heading-hash-E/SAME/0,expected_evidence_disposition,True,elevation;interval_speed;counts;detected_count;coverage;summary.rom_mean_rad;summary.rom_max_rad;summary.rom_range_rad;summary.rom_sd_rad;summary.rom_cv;summary.active_s;summary.cadence_per_s,,1.1040546815383531e-13
F90/EV-heading-hash-S/SAME/0,expected_evidence_disposition,True,elevation;interval_speed;counts;detected_count;coverage;summary.rom_mean_rad;summary.rom_max_rad;summary.rom_range_rad;summary.rom_sd_rad;summary.rom_cv;summary.active_s;summary.cadence_per_s,,0.3165399432627146
F90/EV-map-A-hash-E/SAME/0,expected_evidence_disposition,True,elevation;interval_speed;counts;detected_count;coverage;summary.rom_mean_rad;summary.rom_max_rad;summary.rom_range_rad;summary.rom_sd_rad;summary.rom_cv;summary.active_s;summary.cadence_per_s,,1.1040546815383531e-13
F90/EV-map-A-hash-S/SAME/0,expected_evidence_disposition,True,elevation;interval_speed;counts;detected_count;coverage;summary.rom_mean_rad;summary.rom_max_rad;summary.rom_range_rad;summary.rom_sd_rad;summary.rom_cv;summary.active_s;summary.cadence_per_s,,0.3165399432627146
F90/EV-map-B-hash-E/SAME/0,expected_evidence_disposition,True,elevation;interval_speed;counts;detected_count;coverage;summary.rom_mean_rad;summary.rom_max_rad;summary.rom_range_rad;summary.rom_sd_rad;summary.rom_cv;summary.active_s;summary.cadence_per_s,,1.1040546815383531e-13
F90/EV-map-B-hash-S/SAME/0,expected_evidence_disposition,True,elevation;interval_speed;counts;detected_count;coverage;summary.rom_mean_rad;summary.rom_max_rad;summary.rom_range_rad;summary.rom_sd_rad;summary.rom_cv;summary.active_s;summary.cadence_per_s,,0.3165399432627146
F90/I-JL/SAME/1103,interval_speed,True,,0.5504770223297656,0.3234029072178791
F90/I-JL/SAME/2207,interval_speed,True,,0.5789828171294297,0.3237587159475505
F90/I-JL/SAME/3301,interval_speed,True,,0.5895713047670316,0.32325125628471246
F90/I-JL/SAME/4409,interval_speed,True,,0.5953606383523746,0.3228730093973799
F90/I-JL/SAME/5519,interval_speed,True,,0.6367016885552494,0.3229975264485288
F90/L-P-ONE/B/0,B.orientation;interval_speed,True,,0.7422594912896009,0.3354137360998899
F90/L-P-ONE/SAME/0,B.orientation;interval_speed,True,,0.7422594912896009,0.3354137360998899
F90/L-P-PER/B/0,interval_speed,True,,1.4838727299719567,0.37157195553296074
F90/L-P-PER/SAME/0,interval_speed,True,,1.4838727299719567,0.37157195553296074
F90/L-S-ONE/B/0,interval_speed,True,,0.3681437555544161,0.31512110473700866
F90/L-S-ONE/SAME/0,interval_speed,True,,0.3681437555544161,0.31512110473700866
F90/L-S-PER/B/0,interval_speed,True,,0.5844354451639638,0.32121506759017315
F90/L-S-PER/SAME/0,interval_speed,True,,0.5844354451639638,0.32121506759017315
F90L/D-C-H-minus-exact/B/0,F90L:rep-55.exclusion,True,,0.33193476926201415,0.28469805588901137
